"","comm_name","species","n","toxins","states","sources"
"1","Barnacle","Barnacle spp.",26,"PST, DA, DST","WA",""
"2","Barred surfperch","Amphistichus argenteus",8,"DA","CA","wild"
"3","Bent-nose clam","Macoma nasuta",25,"PST","CA, WA","wild"
"4","Black surfperch","Embiotoca jacksoni",6,"DA","CA","wild"
"5","Blue mussel","Mytilus edulis",9383,"PST","CA","wild, cultured, sentinel"
"6","Blue mussel","Mytilus trossulus",34059,"DA","WA",""
"7","Burrowing shrimp","Burrowing shrimp spp.",1,"PST","WA",""
"8","Butter clam","Saxidomus gigantea",14399,"PST, DA, DST","OR, WA",""
"9","California grunion","Leuresthes tenuis",2,"DA","CA","wild"
"10","California mussel","Mytilus californianus",45132,"PST, DA, DST","CA, OR, WA","sentinel, wild, cultured"
"11","California spiny lobster","Panulirus interruptus",42,"DA","CA","wild"
"12","California yellowtail","Seriola lalandi",1,"DA","CA","wild"
"13","Chiton","Chiton spp.",4,"PST, DA","WA",""
"14","Dungeness crab","Metacarcinus magister",16582,"PST, DA, DST","OR, WA, CA","wild"
"15","European flat oyster","Ostrea edulis",274,"PST, DA","WA",""
"16","Fat gaper clam","Tresus capax",755,"PST, DA, DST","CA, OR, WA","wild"
"17","Fin fin","Unknown spp.",20,"PST, DA","WA",""
"18","Geoduck","Panopea generosa",12765,"PST, DA, DST","WA",""
"19","Gooseneck barnacle","Pollicipes polymerus",2,"DA","CA","wild"
"20","Hairy triton","Monoplex pilearis",2,"PST","WA",""
"21","Horse mussel","Modiolus modiolus",55,"PST, DA, DST","WA",""
"22","Jack knife clam","Tagelus californianus",1,"PST","WA",""
"23","Jack mackerel","Trachurus symmetricus",3,"DA","CA","wild"
"24","Jacksmelt","Atherinopsis californiensis",2,"DA","CA","wild"
"25","Kumamoto oyster","Magallana sikamea",104,"PST, DA, DST","CA, WA","cultured"
"26","Limpet","Limpet spp.",1,"PST","WA",""
"27","Littleneck clam","Leukoma staminea",11550,"PST, DA, DST","CA, OR, WA","wild"
"28","Mackeral","Mackerel spp.",8,"DA","CA","wild"
"29","Manila clam","Ruditapes philippinarum",6849,"PST, DA, DST","CA, WA","wild"
"30","Market squid","Doryteuthis opalescens",17,"DA","CA","wild"
"31","Mediterranean mussel","Mytilus galloprovincialis",2446,"PST, DA","CA","cultured"
"32","Mediterranean/Pacific blue/blue mussels","Mytilus galloprovincialis/trossulus/edulis",1250,"PST, DA","CA","wild, sentinel"
"33","Mediterranean/blue mussels","Mytilus galloprovincialis/edulis",252,"PST, DA","CA",""
"34","Mixed clam","Clam spp.",15,"PST","WA",""
"35","Moon snail","Neverita lewisii",7,"PST, DA","WA",""
"36","Northern anchovy","Engraulis mordax",180,"DA","CA","wild"
"37","Northern kelp crab","Pugettia producta",2,"PST, DA","WA",""
"38","Nuttall's cockle","Clinocardium nuttallii",479,"PST, DA, DST","CA, OR, WA","wild"
"39","Olympia oyster","Ostrea lurida",6,"PST","WA",""
"40","Other","Unknown spp.",32,"PST, DA, DST","WA",""
"41","Other crab","Crab spp.",3,"PST, DA","WA",""
"42","Pacific blue mussel","Mytilus trossulus",71598,"PST, DST","WA",""
"43","Pacific gaper clam","Tresus nuttallii",96,"PST, DA","CA","wild"
"44","Pacific lamprey","Entosphenus tridentatus",3,"DA","CA","wild"
"45","Pacific mackerel","Scomber japonicus",4,"DA","CA","wild"
"46","Pacific oyster","Magallana gigas",35917,"PST, DA, DST","CA, WA","cultured, sentinel"
"47","Pacific sardine","Sardinops sagax",214,"DA","CA","wild"
"48","Pile surfperch","Rhacochilus vacca",4,"DA","CA","wild"
"49","Pink scallop","Chlamys rubida",2138,"PST, DA, DST","WA",""
"50","Pinto abalone","Haliotis kamtschatkana",1,"PST","WA",""
"51","Pismo clam","Tivela stultorum",193,"PST, DA","CA","wild"
"52","Purple clam","Nuttallia nuttallii",1,"PST","CA","wild"
"53","Purple varnish clam","Nuttallia obscurata",749,"PST, DA, DST","OR, WA",""
"54","Razor clam","Siliqua patula",26425,"PST, DA, DST","CA, OR, WA","wild"
"55","Red abalone","Haliotis rufescens",8,"DA","CA","wild"
"56","Rock crab","Cancer spp.",949,"DA","CA","wild"
"57","Rock oyster","Saccostrea glomerata",1,"PST","WA",""
"58","Rock scallop","Crassadoma gigantea",332,"PST, DA, DST","CA, WA","wild, cultured"
"59","Salmon","Salmon spp.",9,"DA","CA","wild"
"60","Sand clam(macoma)","????",21,"PST","WA",""
"61","Sea cucumber","Apostichopus californicus",3,"PST","WA",""
"62","Sea urchin","Urchin spp.",4,"PST, DA","WA",""
"63","Sheep crab","Loxorhynchus grandis",17,"DA","CA","wild"
"64","Shiner surfperch","Cymatogaster aggregata",2,"DA","CA","wild"
"65","Shrimp","Shrimp spp.",1,"DA","CA","wild"
"66","Softshell clam","Mya arenaria",388,"PST, DA, DST","OR, WA",""
"67","Squid","Squid spp.",1,"DA","CA","wild"
"68","Thinshell littleneck","Protothaca tenerrima",4,"PST","WA",""
"69","Thornback guitarfish","Platyrhinoidis triseriata",2,"DA","CA","wild"
"70","Unidentified clam","Bivalvia spp.",3,"DA","CA","wild"
"71","Unidentified clam","Clam spp.",27,"PST","CA","wild"
"72","Unidentified mussel","Mussel spp.",166,"PST","CA","cultured"
"73","Unidentified oyster","Oyster spp.",22,"PST","CA",""
"74","Unknown clam","Clam spp.",10,"PST","WA",""
"75","Unspecified clam","Clam spp.",8,"PST","OR",""
"76","Venus clam","Clam spp.",8,"PST","WA",""
"77","Virginica oyster","Crassostrea virginica",26,"PST, DA","WA",""
"78","Washington clam","Saxidomus nuttalli",271,"PST, DA","CA","wild"
"79","Weathervane scallop","Patinopecten caurinus",8,"PST, DA","WA",""
